Disease_Target,Combination,Meta_Learner,Val_AUROC,Val_AUPRC,Val_Selection_Score,Fit_Time_Sec
Type2_Diabetes,Clinical_Only,LogisticRegression,0.5,0.523,0.5115,0.02
Type2_Diabetes,Clinical_Only,LightGBM,0.5,0.523,0.5115,0.03
Type2_Diabetes,Clinical_Only,XGBoost,0.5,0.523,0.5115,0.05
Type2_Diabetes,Wearable_Only,LogisticRegression,0.6882,0.7129,0.7006,0.05
Type2_Diabetes,Wearable_Only,LightGBM,0.6878,0.7052,0.6965,0.13
Type2_Diabetes,Wearable_Only,XGBoost,0.6877,0.7049,0.6963,0.06
Type2_Diabetes,Gut_Only,LogisticRegression,0.5966,0.6044,0.6005,0.02
Type2_Diabetes,Gut_Only,LightGBM,0.5965,0.6006,0.5985,0.07
Type2_Diabetes,Gut_Only,XGBoost,0.5962,0.6017,0.5989,0.07
Type2_Diabetes,Clinical_Wearable,LogisticRegression,0.6882,0.7129,0.7006,0.05
Type2_Diabetes,Clinical_Wearable,LightGBM,0.6878,0.7052,0.6965,0.14
Type2_Diabetes,Clinical_Wearable,XGBoost,0.6877,0.7049,0.6963,0.07
Type2_Diabetes,Clinical_Gut,LogisticRegression,0.5966,0.6044,0.6005,0.02
Type2_Diabetes,Clinical_Gut,LightGBM,0.5965,0.6006,0.5985,0.15
Type2_Diabetes,Clinical_Gut,XGBoost,0.5962,0.6017,0.5989,0.07
Type2_Diabetes,Wearable_Gut,LogisticRegression,0.6997,0.724,0.7118,0.02
Type2_Diabetes,Wearable_Gut,LightGBM,0.6991,0.7213,0.7102,0.08
Type2_Diabetes,Wearable_Gut,XGBoost,0.6989,0.7213,0.7101,0.07
Type2_Diabetes,Full_Multimodal_Fusion,LogisticRegression,0.6997,0.724,0.7118,0.03
Type2_Diabetes,Full_Multimodal_Fusion,LightGBM,0.6991,0.7213,0.7102,0.09
Type2_Diabetes,Full_Multimodal_Fusion,XGBoost,0.6989,0.7213,0.7101,0.1
Prediabetes,Clinical_Only,LogisticRegression,0.9995,0.9978,0.9986,0.1
Prediabetes,Clinical_Only,LightGBM,0.9992,0.995,0.9971,0.11
Prediabetes,Clinical_Only,XGBoost,0.998,0.9851,0.9916,0.05
Prediabetes,Wearable_Only,LogisticRegression,0.5,0.1989,0.3495,0.03
Prediabetes,Wearable_Only,LightGBM,0.5,0.1989,0.3495,0.07
Prediabetes,Wearable_Only,XGBoost,0.5,0.1989,0.3495,0.08
Prediabetes,Gut_Only,LogisticRegression,0.5152,0.2079,0.3616,0.02
Prediabetes,Gut_Only,LightGBM,0.5088,0.2019,0.3553,0.16
Prediabetes,Gut_Only,XGBoost,0.5112,0.2035,0.3573,0.06
Prediabetes,Clinical_Wearable,LogisticRegression,0.9995,0.9978,0.9986,0.04
Prediabetes,Clinical_Wearable,LightGBM,0.9992,0.995,0.9971,0.05
Prediabetes,Clinical_Wearable,XGBoost,0.998,0.9851,0.9916,0.06
Prediabetes,Clinical_Gut,LogisticRegression,0.9995,0.9978,0.9987,0.09
Prediabetes,Clinical_Gut,LightGBM,0.9992,0.995,0.9971,0.08
Prediabetes,Clinical_Gut,XGBoost,0.998,0.9851,0.9916,0.06
Prediabetes,Wearable_Gut,LogisticRegression,0.5152,0.2079,0.3616,0.02
Prediabetes,Wearable_Gut,LightGBM,0.5088,0.2019,0.3553,0.06
Prediabetes,Wearable_Gut,XGBoost,0.5112,0.2035,0.3573,0.06
Prediabetes,Full_Multimodal_Fusion,LogisticRegression,0.9995,0.9978,0.9987,0.07
Prediabetes,Full_Multimodal_Fusion,LightGBM,0.9992,0.995,0.9971,0.07
Prediabetes,Full_Multimodal_Fusion,XGBoost,0.998,0.9851,0.9916,0.07
High_Adiposity_Risk,Clinical_Only,LogisticRegression,0.5,0.3942,0.4471,0.02
High_Adiposity_Risk,Clinical_Only,LightGBM,0.5,0.3942,0.4471,0.03
High_Adiposity_Risk,Clinical_Only,XGBoost,0.5,0.3942,0.4471,0.05
High_Adiposity_Risk,Wearable_Only,LogisticRegression,0.6745,0.5618,0.6182,0.06
High_Adiposity_Risk,Wearable_Only,LightGBM,0.6748,0.555,0.6149,0.19
High_Adiposity_Risk,Wearable_Only,XGBoost,0.6746,0.5549,0.6147,0.07
High_Adiposity_Risk,Gut_Only,LogisticRegression,0.5273,0.4127,0.47,0.03
High_Adiposity_Risk,Gut_Only,LightGBM,0.5261,0.412,0.4691,0.16
High_Adiposity_Risk,Gut_Only,XGBoost,0.5255,0.4101,0.4678,0.1
High_Adiposity_Risk,Clinical_Wearable,LogisticRegression,0.6745,0.5618,0.6182,0.07
High_Adiposity_Risk,Clinical_Wearable,LightGBM,0.6748,0.555,0.6149,0.14
High_Adiposity_Risk,Clinical_Wearable,XGBoost,0.6746,0.5549,0.6147,0.06
High_Adiposity_Risk,Clinical_Gut,LogisticRegression,0.5273,0.4127,0.47,0.02
High_Adiposity_Risk,Clinical_Gut,LightGBM,0.5261,0.412,0.4691,0.06
High_Adiposity_Risk,Clinical_Gut,XGBoost,0.5255,0.4101,0.4678,0.07
High_Adiposity_Risk,Wearable_Gut,LogisticRegression,0.6752,0.5634,0.6193,0.04
High_Adiposity_Risk,Wearable_Gut,LightGBM,0.6754,0.5595,0.6174,0.07
High_Adiposity_Risk,Wearable_Gut,XGBoost,0.6753,0.5597,0.6175,0.08
High_Adiposity_Risk,Full_Multimodal_Fusion,LogisticRegression,0.6752,0.5634,0.6193,0.03
High_Adiposity_Risk,Full_Multimodal_Fusion,LightGBM,0.6754,0.5595,0.6174,0.09
High_Adiposity_Risk,Full_Multimodal_Fusion,XGBoost,0.6753,0.5597,0.6175,0.12
Metabolic_Syndrome,Clinical_Only,LogisticRegression,0.9978,0.9983,0.998,0.1
Metabolic_Syndrome,Clinical_Only,LightGBM,0.9967,0.9962,0.9964,0.08
Metabolic_Syndrome,Clinical_Only,XGBoost,0.9967,0.9962,0.9964,0.08
Metabolic_Syndrome,Wearable_Only,LogisticRegression,0.6151,0.674,0.6445,0.11
Metabolic_Syndrome,Wearable_Only,LightGBM,0.6148,0.6683,0.6416,0.25
Metabolic_Syndrome,Wearable_Only,XGBoost,0.6148,0.6678,0.6413,0.1
Metabolic_Syndrome,Gut_Only,LogisticRegression,0.5791,0.6331,0.6061,0.03
Metabolic_Syndrome,Gut_Only,LightGBM,0.5785,0.631,0.6047,0.07
Metabolic_Syndrome,Gut_Only,XGBoost,0.5786,0.631,0.6048,0.07
Metabolic_Syndrome,Clinical_Wearable,LogisticRegression,0.9977,0.9982,0.9979,0.06
Metabolic_Syndrome,Clinical_Wearable,LightGBM,0.9967,0.9962,0.9964,0.11
Metabolic_Syndrome,Clinical_Wearable,XGBoost,0.9967,0.9962,0.9964,0.07
Metabolic_Syndrome,Clinical_Gut,LogisticRegression,0.9977,0.9982,0.9979,0.06
Metabolic_Syndrome,Clinical_Gut,LightGBM,0.9967,0.9962,0.9964,0.14
Metabolic_Syndrome,Clinical_Gut,XGBoost,0.9967,0.9962,0.9964,0.07
Metabolic_Syndrome,Wearable_Gut,LogisticRegression,0.6305,0.688,0.6593,0.04
Metabolic_Syndrome,Wearable_Gut,LightGBM,0.6299,0.6861,0.658,0.11
Metabolic_Syndrome,Wearable_Gut,XGBoost,0.6298,0.6859,0.6578,0.07
Metabolic_Syndrome,Full_Multimodal_Fusion,LogisticRegression,0.9977,0.9981,0.9979,0.09
Metabolic_Syndrome,Full_Multimodal_Fusion,LightGBM,0.9967,0.9962,0.9964,0.08
Metabolic_Syndrome,Full_Multimodal_Fusion,XGBoost,0.9967,0.9962,0.9964,0.07
NAFLD,Clinical_Only,LogisticRegression,0.5,0.5959,0.548,0.08
NAFLD,Clinical_Only,LightGBM,0.5,0.5959,0.548,0.11
NAFLD,Clinical_Only,XGBoost,0.5,0.5959,0.548,0.08
NAFLD,Wearable_Only,LogisticRegression,0.6086,0.6863,0.6474,0.09
NAFLD,Wearable_Only,LightGBM,0.6081,0.6827,0.6454,0.18
NAFLD,Wearable_Only,XGBoost,0.6086,0.683,0.6458,0.06
NAFLD,Gut_Only,LogisticRegression,0.6364,0.7076,0.672,0.03
NAFLD,Gut_Only,LightGBM,0.636,0.7034,0.6697,0.06
NAFLD,Gut_Only,XGBoost,0.6361,0.7036,0.6698,0.07
NAFLD,Clinical_Wearable,LogisticRegression,0.6086,0.6863,0.6474,0.05
NAFLD,Clinical_Wearable,LightGBM,0.6081,0.6827,0.6454,0.15
NAFLD,Clinical_Wearable,XGBoost,0.6086,0.683,0.6458,0.07
NAFLD,Clinical_Gut,LogisticRegression,0.6364,0.7076,0.672,0.05
NAFLD,Clinical_Gut,LightGBM,0.636,0.7034,0.6697,0.08
NAFLD,Clinical_Gut,XGBoost,0.6361,0.7036,0.6698,0.07
NAFLD,Wearable_Gut,LogisticRegression,0.6596,0.7261,0.6929,0.03
NAFLD,Wearable_Gut,LightGBM,0.6573,0.7231,0.6902,0.09
NAFLD,Wearable_Gut,XGBoost,0.6573,0.723,0.6902,0.06
NAFLD,Full_Multimodal_Fusion,LogisticRegression,0.6596,0.7261,0.6929,0.03
NAFLD,Full_Multimodal_Fusion,LightGBM,0.6573,0.7231,0.6902,0.06
NAFLD,Full_Multimodal_Fusion,XGBoost,0.6573,0.723,0.6902,0.07
